DocumentID,FilePath,UploadDate,Status,DocumentType,EmployeeID
1,/uploads/abae4f43-bcae-4081-bdf0-70aaf0b5156b.pdf,2025-07-27,uploaded,Letter,10
2,/uploads/aa0b7b14-f2e9-402d-91e9-cdaa6e6981a3.pdf,2026-04-18,uploaded,Letter,4
3,/uploads/d9178793-a9d3-42e6-905c-c6869f871ce7.pdf,2025-06-30,rejected,WorkOrder,15
4,/uploads/4f2d4796-81d2-47de-8ce1-eb90e6697833.pdf,2026-01-15,verified,Letter,12
5,/uploads/4bb00f20-b27c-4026-a703-b6365380b904.pdf,2025-12-04,verified,Letter,9
6,/uploads/f0bbac67-aa38-40a1-aba2-5efe311c6eb6.pdf,2025-10-01,uploaded,Report,6
7,/uploads/9d9262af-2c8d-4e44-a71e-43a6bf85bf0e.pdf,2025-12-10,processed,Letter,15
8,/uploads/001a9a8b-d56f-4350-8c45-9ce267f48ad5.pdf,2025-09-04,rejected,WorkOrder,18
9,/uploads/9479e1e6-c927-4d9b-ae0d-264835ce8841.pdf,2025-12-24,processed,WorkOrder,2
10,/uploads/71316269-7118-4364-b709-7749527eecfa.pdf,2026-01-18,processed,OfficeOrder,11
11,/uploads/e6b3c944-cb32-4e35-b922-bac282dc4c8e.pdf,2026-05-02,rejected,WorkOrder,3
12,/uploads/15b52908-a8aa-4158-ab70-e525bc67f831.pdf,2025-08-27,processed,Report,11
13,/uploads/55cee5db-9e87-404c-a208-6977a9f25336.pdf,2025-06-19,processed,Invoice,13
14,/uploads/ac3c5640-3c20-492f-804a-96c4f3b63fe1.pdf,2025-09-06,rejected,Letter,9
15,/uploads/0640be0f-25b8-4d4b-b2fa-2de8ce7ae7f6.pdf,2025-06-01,processed,Letter,18
16,/uploads/d98868dd-9c7c-4377-b9a2-8903fbe33b24.pdf,2026-02-21,verified,Report,14
17,/uploads/a1384ddc-e2d9-4e5d-aa18-ce4c74962764.pdf,2025-12-12,rejected,WorkOrder,8
18,/uploads/7e8f8095-624c-49b6-b244-45a7b7e58481.pdf,2025-10-09,processed,Report,16
19,/uploads/016b6287-b008-45cc-a7f3-6ae925c73c44.pdf,2026-04-07,uploaded,OfficeOrder,4
20,/uploads/1b494e15-e2ad-4909-8521-bf2ddc45d539.pdf,2026-02-24,processed,Letter,14
21,/uploads/f53d4330-cdda-44ba-ad06-e8cf3805f907.pdf,2026-01-25,uploaded,Invoice,13
22,/uploads/3fcb7546-8eb2-4579-8cdb-1ca476ecbdd6.pdf,2026-04-16,rejected,Report,9
23,/uploads/cd29a36f-2222-42e1-b4da-aebf1f115b76.pdf,2025-11-02,uploaded,OfficeOrder,18
24,/uploads/986f9025-8f15-4a58-bce6-850487f8424d.pdf,2025-09-09,verified,WorkOrder,4
25,/uploads/9cd6c852-714c-4df4-a434-7d51c1581092.pdf,2026-03-10,verified,Invoice,6
26,/uploads/d4a02e53-6d3e-41dc-8139-2443e45b712e.pdf,2026-04-12,rejected,OfficeOrder,9
27,/uploads/be6033f7-28be-4288-a5af-6e39722764e6.pdf,2026-03-27,processed,Report,4
28,/uploads/3f4b1a70-c074-418e-825a-609f7337c599.pdf,2026-03-19,verified,Report,20
29,/uploads/8573e793-c715-42b9-840c-5d9146fde062.pdf,2025-11-09,processed,Letter,12
30,/uploads/13d5f2f7-709b-4d97-864c-04af3d3f3799.pdf,2026-02-01,processed,Report,17
31,/uploads/51d87c64-55fa-4ab8-858f-1f193c07c574.pdf,2026-04-07,uploaded,Report,11
32,/uploads/3b33f3d8-269c-4696-a36c-7b8714a0bccb.pdf,2025-10-03,rejected,OfficeOrder,4
33,/uploads/10714d51-36c5-4dac-b4d7-e28e271e3ee2.pdf,2025-10-14,verified,WorkOrder,8
34,/uploads/6a702e2f-7746-40ba-8ae8-905b54b4a482.pdf,2025-06-07,uploaded,Letter,19
35,/uploads/e7a37e81-63b4-408b-ab8e-869fd5385b0e.pdf,2026-02-21,uploaded,OfficeOrder,16
36,/uploads/db52ca58-0500-4bc6-b20d-cb6ef2311f17.pdf,2026-04-03,uploaded,Report,5
37,/uploads/018267c4-7a1b-4806-a160-a6b49360715f.pdf,2026-04-26,processed,Invoice,18
38,/uploads/da7b9095-63d6-4a39-80e3-befd4c71e0fe.pdf,2026-04-07,processed,WorkOrder,17
39,/uploads/bf5d2fdf-89c8-42ab-ab44-fa8dd5f25073.pdf,2026-02-08,rejected,Letter,18
40,/uploads/3875394c-e5d6-46e6-9a6e-c2f5ccc42903.pdf,2025-11-10,processed,WorkOrder,13
41,/uploads/076e2bba-7c53-48bf-af92-f25e45df16b6.pdf,2025-10-05,verified,Invoice,17
42,/uploads/67814c1f-cc53-4e36-addc-3e13ab3b4d37.pdf,2026-02-05,rejected,OfficeOrder,8
43,/uploads/20ac3703-eb67-446a-b7a6-e17cd72b6108.pdf,2026-05-09,processed,OfficeOrder,11
44,/uploads/64de82e6-e82c-4d7b-86e7-45f988bc539c.pdf,2025-12-18,uploaded,Report,18
45,/uploads/a48b3dbe-157d-44a1-86f0-28ffa9ba5a27.pdf,2025-10-19,processed,Report,8
46,/uploads/0cdf742b-2e85-4b21-b631-de9ddde9f863.pdf,2025-08-19,uploaded,OfficeOrder,2
47,/uploads/53ac2ab9-7467-4cd9-b62f-5e5c53cd6268.pdf,2025-09-16,processed,OfficeOrder,2
48,/uploads/c083b73a-473b-4358-a10e-6a64e1301617.pdf,2026-04-29,verified,OfficeOrder,17
49,/uploads/14f7ce8d-d5bc-48d0-8094-dded6bebac31.pdf,2025-11-04,processed,WorkOrder,16
50,/uploads/fff9f585-0d55-4b61-8a17-5dfebfc00dc8.pdf,2026-04-29,processed,Report,5
51,/uploads/c7fee39f-1190-4938-a66f-d7f739669fa7.pdf,2026-05-01,rejected,Letter,16
52,/uploads/f319c125-07f1-44f9-8115-6d6d0a4e5b70.pdf,2025-08-14,rejected,Letter,4
53,/uploads/2702878b-9f0f-4a8d-8537-9ff6d6d7b3b8.pdf,2025-08-11,uploaded,Invoice,12
54,/uploads/90604f62-1d48-4071-ab61-a7b1793b4c32.pdf,2026-04-27,rejected,Invoice,15
55,/uploads/c4536f1d-4199-4fdf-b310-22f0770c7798.pdf,2025-09-28,uploaded,OfficeOrder,2
56,/uploads/bf780e3f-f6b7-41f7-9b74-92459b1bc895.pdf,2026-02-02,rejected,WorkOrder,4
57,/uploads/f6f7f0cc-29ec-4e49-91bd-b8c0c71d5e60.pdf,2025-09-06,processed,Letter,7
58,/uploads/4fdc6e1b-edcb-4cb6-8692-dc639424aed5.pdf,2025-12-12,rejected,Letter,14
59,/uploads/658b2523-6014-4de9-b54a-d0a2e87466d7.pdf,2026-04-25,processed,WorkOrder,15
60,/uploads/b0cc1b3b-9793-49b4-9374-814632c5bd89.pdf,2026-03-15,processed,OfficeOrder,15
61,/uploads/c5c14eb4-b27b-4d90-9a16-342c3e2b6091.pdf,2025-09-03,uploaded,OfficeOrder,18
62,/uploads/1efd76e9-ce37-44af-99b4-9350af2b99b4.pdf,2026-03-03,uploaded,OfficeOrder,8
63,/uploads/58e25888-0a83-41be-885a-ca4690e0f4a0.pdf,2025-11-26,processed,Invoice,16
64,/uploads/8186a576-11a7-4609-9edd-bbbfa9597663.pdf,2026-01-08,rejected,Letter,13
65,/uploads/d284476c-6b88-483d-997d-c9cd033d2bce.pdf,2025-11-11,uploaded,Letter,13
66,/uploads/a2b5b498-5cb8-4aed-b5f6-2c976efb63b1.pdf,2026-04-07,uploaded,Invoice,9
67,/uploads/6f7c15ea-272a-4d8e-b512-2df875b17a55.pdf,2025-07-19,rejected,WorkOrder,14
68,/uploads/45241ea6-a684-4099-b729-4951859131d2.pdf,2025-12-27,rejected,Letter,7
69,/uploads/7bc67e1f-c64e-46e3-89c5-b31aeb6c1016.pdf,2025-11-02,verified,Letter,2
70,/uploads/44b591f7-97ac-4aa8-bb24-88a3d36357b6.pdf,2025-09-10,uploaded,WorkOrder,2
71,/uploads/162f8a24-ef43-413c-94aa-c9a33ed8c56c.pdf,2025-08-26,uploaded,Report,16
72,/uploads/76f72255-c01f-46bf-be6d-d58b7367c28d.pdf,2025-12-10,processed,OfficeOrder,17
73,/uploads/0758e201-561e-46d1-a105-716bab0e664e.pdf,2025-11-12,uploaded,Letter,3
74,/uploads/364d7c87-7cd0-429d-ae8d-0e87533420e6.pdf,2025-09-22,uploaded,Letter,13
75,/uploads/e15ca666-4797-42c9-9720-72464223623b.pdf,2025-12-20,uploaded,Report,8
76,/uploads/0299436a-8e48-4223-86b9-8991e14eb70d.pdf,2025-11-21,uploaded,Report,3
77,/uploads/b856d035-3dc9-4290-95ea-bb2730e912f2.pdf,2025-10-11,rejected,Report,19
78,/uploads/b0cbc61f-3d85-4e89-8217-14298e200724.pdf,2025-11-06,verified,WorkOrder,7
79,/uploads/cafda613-72bb-412d-bda6-7785b63b4dc3.pdf,2025-05-22,verified,Letter,9
80,/uploads/b118f68d-6786-4506-b8ba-8abc4b5305e5.pdf,2025-08-13,rejected,Letter,10
