WorkOrderID,Description,Status,CreatedDate,SupplierID,EmployeeID,DocumentID
1,Remain yard model particular hair truth hold,cancelled,2026-05-16,8,1,12
2,Appear piece free form newspaper hit edge surface who owner,completed,2026-05-16,4,13,32
3,Old center glass whose recognize,completed,2026-05-16,11,19,48
4,Remember be next poor foreign campaign reflect water young treatment,cancelled,2026-05-16,9,17,45
5,Meet adult final week game she court yourself choice,cancelled,2026-05-16,12,18,43
6,Medical music school money product,completed,2026-05-16,12,15,35
7,Capital heavy class story side speak close join improve put down,completed,2026-05-16,5,8,16
8,Sell six doctor dream whole six tough,in_progress,2026-05-16,6,4,69
9,Worker left example high month whom stage soon catch economic,in_progress,2026-05-16,4,7,62
10,Never bill suffer surface expect several evening town,completed,2026-05-16,12,19,68
11,Begin treat stage this us increase how hear history,completed,2026-05-16,2,7,38
12,Agreement us stuff practice social case expert,in_progress,2026-05-16,6,6,39
13,Serve light past town affect democratic,pending,2026-05-16,12,18,17
14,Month book explain feeling answer information soldier lead book toward,completed,2026-05-16,1,2,71
15,Place offer responsibility fact,completed,2026-05-16,12,5,63
16,Drive indicate professor beat window attack moment medical,pending,2026-05-16,14,1,74
17,After them analysis hit health section ground attack drop price,completed,2026-05-16,8,16,57
18,Same forward and national spend compare single let receive place,completed,2026-05-16,3,2,33
19,Respond want already cut social,cancelled,2026-05-16,2,3,52
20,Value middle writer myself education send course ground,cancelled,2026-05-16,2,19,7
21,Event son join hundred keep what fund cost,in_progress,2026-05-16,3,19,39
22,Under mind song risk bad own state nation,pending,2026-05-16,4,4,72
23,Foreign fast knowledge response coach,cancelled,2026-05-16,10,20,80
24,Amount thank good your ever woman way avoid point,in_progress,2026-05-16,13,17,49
25,Well central parent sit alone attack,cancelled,2026-05-16,15,15,39
26,Gun we allow check last he know baby,cancelled,2026-05-16,5,19,80
27,Huge power economic box save material hit no,pending,2026-05-16,10,4,27
28,Region Democrat partner really your customer career,in_progress,2026-05-16,5,3,21
29,Together knowledge because radio suffer floor,in_progress,2026-05-16,3,18,10
30,Nearly face feel church remember,in_progress,2026-05-16,1,14,58
31,Soldier meeting building cut catch so,cancelled,2026-05-16,5,2,30
32,Occur level work candidate this assume huge response long improve,completed,2026-05-16,12,10,59
33,Available win politics last quite general there sister policy consider,pending,2026-05-16,11,8,34
34,Me than story million fight class various different way,in_progress,2026-05-16,7,4,70
35,Suffer economy play nearly by field move,in_progress,2026-05-16,11,5,35
36,Option oil commercial person top front,in_progress,2026-05-16,2,2,22
37,Stay agreement animal political officer,completed,2026-05-16,10,19,37
38,Indicate police marriage phone face what lot source rate father,cancelled,2026-05-16,2,15,39
39,Citizen indeed less future century,cancelled,2026-05-16,5,17,70
40,Safe team wish candidate have no five letter,cancelled,2026-05-16,8,3,77
41,Cell anything war ten industry while total,pending,2026-05-16,15,14,42
42,Return couple city you level these market bed hotel lead,completed,2026-05-16,1,3,30
43,Good anything manager think pressure like Mr suggest issue think,pending,2026-05-16,13,9,74
44,Hand hundred now crime network available mean share,pending,2026-05-16,13,6,61
45,Quite budget window hour some fund voice sense current meeting matter,cancelled,2026-05-16,15,9,24
46,Require sound mind chance throw cause,cancelled,2026-05-16,11,16,12
47,Class wrong school federal from stock mother remember,cancelled,2026-05-16,6,14,43
48,Happy purpose woman on,completed,2026-05-16,11,4,21
49,Ago listen whose situation simply officer return on color pick people,completed,2026-05-16,7,16,37
50,Start drug occur red course kid,cancelled,2026-05-16,14,18,5
51,Real improve simple turn their save artist catch,cancelled,2026-05-16,2,11,33
52,Your long heavy what least mouth national put,completed,2026-05-16,2,13,66
53,Particular court east newspaper different win father,pending,2026-05-16,11,18,60
54,Real major look night various return,cancelled,2026-05-16,1,7,67
55,Quality here woman stand west source fact explain research get,completed,2026-05-16,10,16,57
56,Section degree still even no even body,pending,2026-05-16,4,9,71
57,Drug prove most point appear including response,in_progress,2026-05-16,15,10,57
58,Accept nearly upon imagine various there,cancelled,2026-05-16,2,1,78
59,Sense expert experience arrive shoulder present,in_progress,2026-05-16,12,6,40
60,Tree company think compare try,pending,2026-05-16,9,14,12
